pdb_id,pocket_rank,chain_id,centroid_x,centroid_y,centroid_z,volume_A3,surface_area_A2,confidence,druggability_total,druggability_hydrophobicity,druggability_enclosure,druggability_depth,enclosure_ratio,mean_depth_A,mean_flexibility,num_residues,num_atoms,detection_type
3VHK,1,A,-23.53,27.629,22.37,57664.83,7218.13,0.5168506564462737,0.6717,0.4388,0.8843,0.9321,0.9197,13.86,74.0765,291,2353,consensus
3VSK,1,A,35.111,-39.31,7.214,225826.31,17933.59,0.5181556597976829,0.6599,0.4018,0.8673,0.9427,0.9409,33.21,79.019,1199,9411,consensus
3WMG,1,A,21.833,49.106,35.031,112641.47,11279.32,0.5213119040768299,0.6974,0.5181,0.8921,0.9427,0.9099,33.42,62.6183,605,4571,consensus
3ZEB,1,A,15.865,-11.854,44.519,35145.14,5188.73,0.5228843705537842,0.7096,0.5705,0.898,0.9405,0.9024,14.28,60.1835,178,1435,consensus
4BRR,1,A,-22.83,-7.399,0.725,110027.11,11104.11,0.5238254501161341,0.7047,0.5853,0.8894,0.9427,0.9133,25.84,73.4742,592,4531,consensus
5CAP,1,A,-60.197,-7.431,-25.341,59785.17,7394.01,0.5176390737832107,0.676,0.4514,0.8855,0.9427,0.9181,15.21,72.0672,303,2431,consensus
5CI9,1,A,5.758,31.058,80.91,23903.86,4012.94,0.5078791782920524,0.6581,0.4265,0.8917,0.8717,0.8917,11.75,78.946,115,979,consensus
5EY7,1,A,-9.464,31.384,-21.447,107136.0,10908.74,0.5212188136990707,0.6803,0.4714,0.8754,0.9427,0.9307,22.83,70.3062,586,4444,consensus
5J0B,1,A,15.657,-1.848,-3.122,170703.28,14881.45,0.5215804086379553,0.6649,0.4573,0.8586,0.9427,0.9518,33.19,87.5694,866,13537,consensus
5J7S,1,A,-6.475,-45.254,-28.03,57996.0,7245.74,0.5206322409104842,0.6614,0.478,0.8589,0.9427,0.9514,20.7,100.6666,280,4467,consensus
5J8I,1,A,-6.829,-45.582,-26.923,58448.67,7283.4,0.5209850079838096,0.6641,0.4729,0.8601,0.9427,0.9499,20.31,96.3893,289,4607,consensus
5JH6,1,A,-6.938,-45.593,-27.009,59602.08,7378.9,0.5207887293404854,0.6629,0.4743,0.8598,0.9427,0.9503,20.04,97.9718,288,4604,consensus
5JK3,1,A,-6.377,-45.402,-28.431,55769.77,7059.11,0.5219219609036805,0.6689,0.4784,0.8612,0.9427,0.9485,18.48,88.2756,270,4292,consensus
5K7H,1,A,37.915,-18.068,-10.607,70461.14,8249.94,0.5292249422212372,0.6881,0.5018,0.8512,0.9427,0.961,19.23,64.3763,366,5660,consensus
5M7R,1,A,0.986,1.602,32.475,177611.48,15280.29,0.5201842741297451,0.6682,0.4483,0.8675,0.9427,0.9407,24.93,81.1736,934,7636,consensus
5M7U,1,A,1.288,0.718,32.247,168307.45,14741.89,0.5198015657397983,0.6691,0.4512,0.8699,0.9427,0.9376,22.67,80.5829,893,7309,consensus
5NGF,1,A,-10.953,-12.681,29.231,122105.81,11902.6,0.5154698063591493,0.667,0.4281,0.8851,0.9427,0.9186,26.31,77.6,663,5073,consensus
5NZM,1,A,28.256,18.761,-7.416,90244.55,9729.67,0.5158954250404977,0.6713,0.4531,0.8877,0.9427,0.9153,24.43,79.6885,482,3744,consensus
5OJX,1,A,-5.93,1.379,11.419,39902.2,5646.97,0.5164445387937839,0.6876,0.4473,0.8977,0.9427,0.8977,17.43,57.5461,210,1603,consensus
5ST5,1,B,26.762,9.385,3.749,108576.7,11006.31,0.5224688074621504,0.6651,0.4665,0.8553,0.9427,0.9559,28.93,85.6667,561,8669,consensus
5SU2,1,B,26.32,9.307,3.668,107978.06,10965.82,0.5219554804224487,0.6652,0.4664,0.8573,0.9427,0.9533,28.78,86.5172,559,8720,consensus
5SU7,1,B,26.433,9.3,3.619,108553.08,11004.72,0.5204860358876964,0.6589,0.4669,0.857,0.9427,0.9538,29.04,110.3406,554,8725,consensus
5W5D,1,F,-25.288,14.574,-5.145,74425.92,8556.58,0.5159538433021231,0.6686,0.3928,0.8848,0.9427,0.919,40.36,70.1721,409,3049,consensus
6FGJ,1,A,-24.39,-17.918,-28.654,79305.33,8926.59,0.5155240207546624,0.6746,0.4277,0.8925,0.9427,0.9093,21.81,72.1459,392,3243,consensus
6OAH,1,F,9.261,30.46,-7.153,66434.34,7932.55,0.518379135285105,0.6732,0.4593,0.8797,0.9427,0.9254,19.46,78.8392,365,2800,consensus
6OWY,1,A,-0.621,-12.906,17.787,36510.33,5322.24,0.5206131078850469,0.6695,0.399,0.8671,0.9427,0.9412,15.46,63.1809,179,2498,consensus
6UVF,1,A,31.798,4.985,26.232,319042.55,22579.61,0.52169147390591,0.6742,0.4576,0.8674,0.9427,0.9407,36.61,74.8377,1728,13776,consensus
6UVG,1,A,85.227,11.498,122.142,317326.78,22498.59,0.5206836791962561,0.6762,0.4554,0.8735,0.9427,0.9331,40.33,72.9705,1695,13520,consensus
6V8L,1,A,6.403,41.266,30.203,104071.08,10699.68,0.5235499645070067,0.6801,0.4524,0.8659,0.9427,0.9427,23.42,63.1564,570,4222,consensus
6VTG,1,A,-49.952,25.905,-29.742,252685.41,19328.77,0.5169315290379402,0.6597,0.4179,0.872,0.9427,0.935,27.81,83.5409,1315,10482,consensus
6XUH,1,A,25.618,-23.173,21.985,393347.39,25961.81,0.522142964674021,0.6676,0.437,0.8591,0.9427,0.9512,35.48,76.3845,2156,17198,consensus
6XVK,1,A,-5.73,-0.038,15.626,57598.17,7212.57,0.5165668205982484,0.6747,0.4483,0.8884,0.9427,0.9145,17.89,76.7511,297,2385,consensus
6YG5,1,A,18.042,9.145,11.687,51084.84,6658.03,0.5142207442145599,0.6727,0.4433,0.8958,0.9427,0.9053,15.9,77.1108,267,2090,consensus
6Z89,1,A,-54.781,20.737,22.136,155249.16,13969.16,0.5189281639571073,0.6718,0.4612,0.8761,0.9427,0.9299,26.14,78.1904,833,6491,consensus
7B88,1,A,10.728,8.111,30.02,42795.42,5916.74,0.5149935145049807,0.6684,0.4747,0.8884,0.8712,0.9145,11.74,79.9816,226,1801,consensus
7FLQ,1,B,26.853,9.241,3.763,108246.8,10984.01,0.5239221714939926,0.6725,0.4658,0.8568,0.9427,0.954,28.95,75.8393,533,8634,consensus
7FNA,1,B,26.984,9.491,3.906,106759.69,10883.18,0.5239419134947012,0.6733,0.4676,0.8576,0.9427,0.9531,29.07,74.0393,537,8563,consensus
7FO2,1,B,26.853,9.401,3.69,109158.05,11045.57,0.5229544317117116,0.6693,0.4662,0.8575,0.9427,0.9531,29.51,80.0199,547,8657,consensus
7FP9,1,B,26.232,9.485,3.609,108954.28,11031.82,0.5211388491331115,0.662,0.4667,0.8575,0.9427,0.9532,29.18,92.8404,561,8752,consensus
7FPA,1,B,26.791,9.67,3.693,108932.34,11030.33,0.5215993215899833,0.6637,0.4669,0.8573,0.9427,0.9534,28.98,89.7002,559,8730,consensus
7K1P,1,A,34.622,-27.252,3.631,26301.8,4277.02,0.5127142095090078,0.6757,0.4211,0.8939,0.9427,0.8939,18.44,71.2701,131,1065,consensus
7MBK,1,B,11.152,7.246,16.331,34669.27,5141.78,0.5243508145101088,0.6771,0.4569,0.8597,0.9324,0.9504,13.87,67.0765,159,2660,consensus
7MSA,1,D,-54.899,3.018,-73.544,166509.0,14636.68,0.5228994880835931,0.6845,0.5056,0.8729,0.9427,0.9339,23.77,77.5704,921,6993,consensus
7NLX,1,A,26.873,-18.983,24.96,51196.64,6667.74,0.5176463623204322,0.6868,0.5144,0.8962,0.9427,0.9047,19.7,80.2706,293,2120,consensus
7P4S,1,A,10.58,12.659,16.603,27049.36,4357.68,0.5195516307545958,0.6759,0.4205,0.8777,0.9427,0.9279,30.94,65.5113,134,1068,consensus
7UVB,1,A,-16.334,-3.033,21.809,102548.11,10595.04,0.5219174917199912,0.6774,0.4743,0.8697,0.9241,0.9379,13.5,71.3918,570,4395,consensus
7UW4,1,A,11.063,-7.684,-2.342,41866.03,5830.76,0.5196965503190765,0.6857,0.4747,0.8869,0.8912,0.9164,12.31,53.6632,218,1734,consensus
8E7Y,1,B,-12.572,5.594,-17.597,57620.11,7214.4,0.5275422593031753,0.7049,0.541,0.8747,0.9397,0.9316,14.24,54.6672,312,2499,consensus
8F1Z,1,A,8.644,-59.022,-25.078,59777.58,7393.38,0.5192226667257948,0.6816,0.4531,0.8847,0.9427,0.9192,18.16,63.9541,306,2462,consensus
8S32,1,A,158.724,158.677,158.13,1313808.19,58010.34,0.5182912423549761,0.6619,0.4643,0.8688,0.9427,0.939,31.96,102.2287,7487,55334,consensus
